<?xml version="1.0" encoding="UTF-8"?><?xml-stylesheet type='text/xsl' href='_UpgradeReport_Files/UpgradeReport.xslt'?><UpgradeLog>
<Properties><Property Name="Solution" Value="Hunspell">
</Property><Property Name="Solution File" Value="D:\dev\hunspell\hunspell\Hunspell.sln">
</Property><Property Name="Date" Value="2011年3月25日">
</Property><Property Name="Time" Value="上午 00:13">
</Property></Properties><Event ErrorLevel="0" Project="" Source="Hunspell.sln" Description="File successfully backed up as D:\dev\hunspell\hunspell\Hunspell.sln.old">
</Event><Event ErrorLevel="0" Project="libhunspell" Source="libhunspell.vcproj" Description="Converting project file 'D:\dev\hunspell\hunspell\libhunspell.vcproj'.">
</Event><Event ErrorLevel="1" Project="libhunspell" Source="libhunspell.vcproj" Description="VCWebServiceProxyGeneratorTool is no longer supported. The tool has been removed from your project settings.">
</Event><Event ErrorLevel="1" Project="libhunspell" Source="libhunspell.vcproj" Description="Attribute 'Detect64BitPortabilityProblems' of 'VCCLCompilerTool' is not supported in this version and has been removed during conversion.">
</Event><Event ErrorLevel="1" Project="libhunspell" Source="libhunspell.vcproj" Description="Attribute 'Detect64BitPortabilityProblems' of 'VCCLCompilerTool' is not supported in this version and has been removed during conversion.">
</Event><Event ErrorLevel="1" Project="libhunspell" Source="libhunspell.vcproj" Description="Attribute 'Detect64BitPortabilityProblems' of 'VCCLCompilerTool' is not supported in this version and has been removed during conversion.">
</Event><Event ErrorLevel="1" Project="libhunspell" Source="libhunspell.vcproj" Description="Attribute 'Detect64BitPortabilityProblems' of 'VCCLCompilerTool' is not supported in this version and has been removed during conversion.">
</Event><Event ErrorLevel="0" Project="libhunspell" Source="libhunspell.vcproj" Description="Done converting to new project file 'D:\dev\hunspell\hunspell\libhunspell.vcxproj'.">
</Event><Event ErrorLevel="3" Project="libhunspell" Source="libhunspell.vcproj" Description="Converted">
</Event><Event ErrorLevel="0" Project="testparser" Source="testparser.vcproj" Description="Converting project file 'D:\dev\hunspell\hunspell\testparser.vcproj'.">
</Event><Event ErrorLevel="1" Project="testparser" Source="testparser.vcproj" Description="VCWebServiceProxyGeneratorTool is no longer supported. The tool has been removed from your project settings.">
</Event><Event ErrorLevel="1" Project="testparser" Source="testparser.vcproj" Description="Attribute 'Detect64BitPortabilityProblems' of 'VCCLCompilerTool' is not supported in this version and has been removed during conversion.">
</Event><Event ErrorLevel="1" Project="testparser" Source="testparser.vcproj" Description="Attribute 'Detect64BitPortabilityProblems' of 'VCCLCompilerTool' is not supported in this version and has been removed during conversion.">
</Event><Event ErrorLevel="0" Project="testparser" Source="testparser.vcproj" Description="Done converting to new project file 'D:\dev\hunspell\hunspell\testparser.vcxproj'.">
</Event><Event ErrorLevel="3" Project="testparser" Source="testparser.vcproj" Description="Converted">
</Event><Event ErrorLevel="0" Project="hunspell" Source="hunspell.vcproj" Description="Converting project file 'D:\dev\hunspell\hunspell\hunspell.vcproj'.">
</Event><Event ErrorLevel="1" Project="hunspell" Source="hunspell.vcproj" Description="VCWebServiceProxyGeneratorTool is no longer supported. The tool has been removed from your project settings.">
</Event><Event ErrorLevel="1" Project="hunspell" Source="hunspell.vcproj" Description="Attribute 'Detect64BitPortabilityProblems' of 'VCCLCompilerTool' is not supported in this version and has been removed during conversion.">
</Event><Event ErrorLevel="1" Project="hunspell" Source="hunspell.vcproj" Description="Attribute 'Detect64BitPortabilityProblems' of 'VCCLCompilerTool' is not supported in this version and has been removed during conversion.">
</Event><Event ErrorLevel="0" Project="hunspell" Source="hunspell.vcproj" Description="Done converting to new project file 'D:\dev\hunspell\hunspell\hunspell.vcxproj'.">
</Event><Event ErrorLevel="3" Project="hunspell" Source="hunspell.vcproj" Description="Converted">
</Event><Event ErrorLevel="0" Project="" Source="Hunspell.sln" Description="Solution converted successfully">
</Event><Event ErrorLevel="3" Project="" Source="Hunspell.sln" Description="Converted">
</Event></UpgradeLog>